{
  "fields": [
    {
      "type": "material-select",
      "values": [
        {
          "name": "Default",
          "value": "default"
        },
        {
          "name": "Large",
          "value": "large"
        },
        {
          "name": "Small",
          "value": "small"
        }
      ],
      "placeholder": "buttonsize",
      "label": "Button Size",
      "model": "buttonsize"
    },
    {
      "type": "collection",
      "multifield": true,
      "fieldLabel": [
        "buttontext",
        "value"
      ],
      "fields": [
        {
          "type": "input",
          "inputType": "text",
          "placeholder": "buttontext",
          "label": "Button Text",
          "model": "buttontext"
        },
        {
          "type": "pathbrowser",
          "browserRoot": "/content/sites",
          "placeholder": "buttonlink",
          "label": "Button Link",
          "model": "buttonlink"
        },
        {
          "type": "material-select",
          "values": [
            {
              "name": "Primary",
              "value": "primary"
            },
            {
              "name": "Secondary",
              "value": "secondary"
            },
            {
              "name": "Success",
              "value": "success"
            },
            {
              "name": "Danger",
              "value": "danger"
            },
            {
              "name": "Warning",
              "value": "warning"
            },
            {
              "name": "Info",
              "value": "info"
            },
            {
              "name": "Light",
              "value": "light"
            },
            {
              "name": "Dark",
              "value": "dark"
            }
          ],
          "placeholder": "buttoncolor",
          "label": "Button Color",
          "model": "buttoncolor"
        }
      ],
      "placeholder": "buttons",
      "label": "Buttons",
      "model": "buttons"
    }
  ]
}