<?xml version="1.0" encoding="utf-8"?>
<jcr:root xmlns:sling="http://sling.apache.org/jcr/sling/1.0" xmlns:jcr="http://www.jcp.org/jcr/1.0" xmlns:nt="http://www.jcp.org/jcr/nt/1.0" jcr:primaryType="per:Component" jcr:title="Accordion">
  <jcr:content jcr:primaryType="nt:unstructured" __variations="true">
    <sample jcr:primaryType="nt:unstructured" title="Accordion" group="Features">
      <jcr:content jcr:primaryType="nt:unstructured" showtitle="true" title="Peregrine Accordion" backgroundtype="color" bgcolor="#f1f1f1" color2="#ffffff" bottompadding="30" toppadding="30" showmedia="false" mediawidth="33" accordionortoggle="false">
        <accordiontoggle jcr:primaryType="nt:unstructured">
          <accordiontoggle0 jcr:primaryType="nt:unstructured" text="&lt;p>Lorem Ipsum is simply dummy text of the printing and typesetting industry. Lorem Ipsum has been the industry's standard dummy text ever since the 1500s&lt;/p>" title="Why accordion?"/>
          <accordiontoggle1 jcr:primaryType="nt:unstructured" text="&lt;p>when an unknown printer took a galley of type and scrambled it to make a type specimen book. It has survived not only five centuries, but also the leap into electronic typesetting&lt;/p>" title="How to accordion?"/>
          <accordiontoggle2 jcr:primaryType="nt:unstructured" text="&lt;p>remaining essentially unchanged. It was popularised in the 1960s with the release of Letraset sheets containing Lorem Ipsum passages, and more recently with desktop publishing software like Aldus PageMaker including versions of Lorem Ipsum.&lt;/p>" title="Join accordion"/>
        </accordiontoggle>
      </jcr:content>
    </sample>
    <sample-accordionmedia jcr:primaryType="nt:unstructured" title="Accordion With Media" group="Features">
      <jcr:content jcr:primaryType="nt:unstructured" showtitle="true" title="Peregrine Accordion" backgroundtype="color" bgcolor="#ffffff" color2="#ffffff" fullheight="false" bottompadding="30" toppadding="30" mediatype="image" imagesrc="/content/assets/themeclean/images/workers-looking-tablet.jpg" mediawidth="33" showmedia="true" toggletype="accordion">
        <accordiontoggle jcr:primaryType="nt:unstructured">
          <accordiontoggle0 jcr:primaryType="nt:unstructured" text="&lt;p>Lorem Ipsum is simply dummy text of the printing and typesetting industry. Lorem Ipsum has been the industry's standard dummy text ever since the 1500s&lt;/p>" title="Learn More"/>
          <accordiontoggle1 jcr:primaryType="nt:unstructured" text="&lt;p>when an unknown printer took a galley of type and scrambled it to make a type specimen book. It has survived not only five centuries, but also the leap into electronic typesetting&lt;/p>" title="Contact Us"/>
        </accordiontoggle>
      </jcr:content>
    </sample-accordionmedia>
    <sample-toggle jcr:primaryType="nt:unstructured" title="Toggle" group="Features">
      <jcr:content jcr:primaryType="nt:unstructured" showtitle="true" title="Peregrine Toggle" backgroundtype="color" bgcolor="#f1f1f1" color2="#ffffff" bottompadding="30" toppadding="30" toggletype="toggle" showmedia="false" mediawidth="33">
        <accordiontoggle jcr:primaryType="nt:unstructured">
          <accordiontoggle0 jcr:primaryType="nt:unstructured" text="&lt;p>Lorem Ipsum is simply dummy text of the printing and typesetting industry. Lorem Ipsum has been the industry's standard dummy text ever since the 1500s&lt;/p>" title="Why accordion?"/>
          <accordiontoggle1 jcr:primaryType="nt:unstructured" text="&lt;p>when an unknown printer took a galley of type and scrambled it to make a type specimen book. It has survived not only five centuries, but also the leap into electronic typesetting&lt;/p>" title="How to accordion?"/>
          <accordiontoggle2 jcr:primaryType="nt:unstructured" text="&lt;p>remaining essentially unchanged. It was popularised in the 1960s with the release of Letraset sheets containing Lorem Ipsum passages, and more recently with desktop publishing software like Aldus PageMaker including versions of Lorem Ipsum.&lt;/p>" title="Join accordion"/>
        </accordiontoggle>
      </jcr:content>
    </sample-toggle>
    <sample-togglemedia jcr:primaryType="nt:unstructured" title="Toggle With Media" group="Features">
      <jcr:content jcr:primaryType="nt:unstructured" showtitle="true" title="Peregrine Toggle" backgroundtype="color" bgcolor="#ffffff" color2="#ffffff" fullheight="false" bottompadding="30" toppadding="30" mediatype="image" imagesrc="/content/assets/themeclean/images/workers-looking-tablet.jpg" mediawidth="33" showmedia="true" toggletype="toggle">
        <accordiontoggle jcr:primaryType="nt:unstructured">
          <accordiontoggle0 jcr:primaryType="nt:unstructured" text="&lt;p>Lorem Ipsum is simply dummy text of the printing and typesetting industry. Lorem Ipsum has been the industry's standard dummy text ever since the 1500s&lt;/p>" title="Learn More"/>
          <accordiontoggle1 jcr:primaryType="nt:unstructured" text="&lt;p>when an unknown printer took a galley of type and scrambled it to make a type specimen book. It has survived not only five centuries, but also the leap into electronic typesetting&lt;/p>" title="Contact Us"/>
        </accordiontoggle>
      </jcr:content>
    </sample-togglemedia>
  </jcr:content>
</jcr:root>