{
  "fields": [
    {
      "type": "material-radios",
      "values": [
        {
          "name": "Toggle",
          "value": "toggle"
        },
        {
          "name": "Accordion",
          "value": "accordion"
        }
      ],
      "placeholder": "toggletype",
      "label": "Collapse Style",
      "model": "toggletype"
    },
    {
      "type": "materialswitch",
      "textOn": "yes",
      "textOff": "no",
      "valueOn": "true",
      "valueOff": "false",
      "placeholder": "showtitle",
      "label": "Show Title",
      "model": "showtitle"
    },
    {
      "type": "input",
      "inputType": "text",
      "placeholder": "title",
      "label": "Title",
      "model": "title",
      "visible": "model.showtitle == 'true'"
    },
    {
      "type": "materialswitch",
      "textOn": "yes",
      "textOff": "no",
      "valueOn": "true",
      "valueOff": "false",
      "placeholder": "showmedia",
      "label": "Show Media",
      "model": "showmedia"
    },
    {
      "type": "material-radios",
      "values": [
        {
          "name": "Image",
          "value": "image"
        },
        {
          "name": "Video",
          "value": "video"
        },
        {
          "name": "Icon",
          "value": "icon"
        }
      ],
      "placeholder": "mediatype",
      "label": "Media type",
      "model": "mediatype",
      "visible": "model.showmedia == 'true'"
    },
    {
      "type": "iconbrowser",
      "placeholder": "mediaicon",
      "label": "Icon Chooser",
      "model": "mediaicon",
      "visible": "model.mediatype == 'icon' and model.showmedia == 'true'",
      "hint": "Select an icon.",
      "validator": "required",
      "families": [
        "material",
        "font awesome"
      ]
    },
    {
      "type": "material-range",
      "placeholder": "mediaiconsize",
      "label": "Icon Size",
      "model": "mediaiconsize",
      "visible": "model.mediatype == 'icon' and model.showmedia == 'true'",
      "min": 1,
      "max": 1000
    },
    {
      "type": "input",
      "inputType": "color",
      "placeholder": "mediaiconcolor",
      "label": "Icon Color",
      "model": "mediaiconcolor",
      "visible": "model.mediatype == 'icon' and model.showmedia == 'true'"
    },
    {
      "type": "pathbrowser",
      "browserRoot": "/content/assets",
      "placeholder": "imagesrc",
      "label": "Image Source",
      "model": "imagesrc",
      "visible": "model.mediatype == 'image' and model.showmedia == 'true'"
    },
    {
      "type": "input",
      "inputType": "text",
      "placeholder": "imagealttext",
      "label": "Image Alt Text",
      "model": "imagealttext",
      "visible": "model.mediatype == 'image' and model.showmedia == 'true'"
    },
    {
      "type": "pathbrowser",
      "browserRoot": "/content/assets",
      "placeholder": "videosrc",
      "label": "Video Source",
      "model": "videosrc",
      "visible": "model.mediatype == 'video' and model.showmedia == 'true'"
    },
    {
      "type": "material-range",
      "placeholder": "mediawidth",
      "label": "Width",
      "model": "mediawidth",
      "visible": "model.showmedia == 'true'",
      "min": 10,
      "max": 100
    },
    {
      "type": "material-radios",
      "values": [
        {
          "name": "Before Content",
          "value": "before"
        },
        {
          "name": "After Content",
          "value": "after"
        }
      ],
      "placeholder": "mediaposition",
      "label": "Media Position",
      "model": "mediaposition",
      "visible": "model.showmedia == 'true'"
    },
    {
      "type": "collection",
      "multifield": true,
      "fieldLabel": [
        "title",
        "value"
      ],
      "fields": [
        {
          "type": "input",
          "inputType": "text",
          "placeholder": "title",
          "label": "Title",
          "model": "title"
        },
        {
          "type": "texteditor",
          "rows": 10,
          "placeholder": "text",
          "label": "Text",
          "model": "text"
        }
      ],
      "placeholder": "accordiontoggle",
      "label": "Accordion/Toggle",
      "model": "accordiontoggle"
    },
    {
      "type": "input",
      "inputType": "text",
      "placeholder": "anchorname",
      "label": "Anchor Name",
      "model": "anchorname"
    },
    {
      "type": "material-radios",
      "values": [
        {
          "name": "None",
          "value": ""
        },
        {
          "name": "Light",
          "value": "light"
        },
        {
          "name": "Dark",
          "value": "dark"
        }
      ],
      "placeholder": "colorscheme",
      "label": "Block Color Scheme",
      "model": "colorscheme"
    },
    {
      "type": "materialswitch",
      "textOn": "yes",
      "textOff": "no",
      "valueOn": "true",
      "valueOff": "false",
      "placeholder": "custombackground",
      "label": "Custom Background",
      "model": "custombackground"
    },
    {
      "type": "material-radios",
      "values": [
        {
          "name": "Color",
          "value": "color"
        },
        {
          "name": "Gradient",
          "value": "gradient"
        },
        {
          "name": "Image",
          "value": "image"
        },
        {
          "name": "Video",
          "value": "video"
        }
      ],
      "placeholder": "backgroundtype",
      "label": "Background Type",
      "model": "backgroundtype",
      "visible": "model.custombackground == 'true'"
    },
    {
      "type": "pathbrowser",
      "browserRoot": "/content/assets",
      "placeholder": "bgvideo",
      "label": "Background Video",
      "model": "bgvideo",
      "visible": "model.backgroundtype == 'video' and model.custombackground == 'true'"
    },
    {
      "type": "pathbrowser",
      "browserRoot": "/content/assets",
      "placeholder": "bgimage",
      "label": "Background Image",
      "model": "bgimage",
      "visible": "model.backgroundtype == 'image' and model.custombackground == 'true'"
    },
    {
      "type": "materialswitch",
      "textOn": "yes",
      "textOff": "no",
      "valueOn": "true",
      "valueOff": "false",
      "placeholder": "overlay",
      "label": "Overlay",
      "model": "overlay",
      "visible": "model.backgroundtype == 'image' and model.custombackground == 'true'"
    },
    {
      "type": "input",
      "inputType": "color",
      "placeholder": "overlaycolor",
      "label": "Overlay Color",
      "model": "overlaycolor",
      "visible": "model.overlay == 'true' and model.backgroundtype == 'image' and model.custombackground == 'true'"
    },
    {
      "type": "material-range",
      "placeholder": "overlayopacity",
      "label": "Overlay opacity",
      "model": "overlayopacity",
      "visible": "model.overlay == 'true' and model.backgroundtype == 'image' and model.custombackground == 'true'",
      "min": 0,
      "max": 100
    },
    {
      "type": "input",
      "inputType": "color",
      "placeholder": "bgcolor",
      "label": "Background Color",
      "model": "bgcolor",
      "visible": "(model.backgroundtype == 'color' or model.backgroundtype == 'gradient') and model.custombackground == 'true'"
    },
    {
      "type": "input",
      "inputType": "color",
      "placeholder": "color2",
      "label": "Color 2",
      "model": "color2",
      "visible": "model.backgroundtype == 'gradient' and model.custombackground == 'true'"
    },
    {
      "type": "materialswitch",
      "textOn": "yes",
      "textOff": "no",
      "valueOn": "true",
      "valueOff": "false",
      "placeholder": "fullwidth",
      "label": "Full Width",
      "model": "fullwidth"
    },
    {
      "type": "materialswitch",
      "textOn": "yes",
      "textOff": "no",
      "valueOn": "true",
      "valueOff": "false",
      "placeholder": "fullheight",
      "label": "Full Height",
      "model": "fullheight"
    },
    {
      "type": "material-range",
      "placeholder": "toppadding",
      "label": "Top Padding",
      "model": "toppadding",
      "visible": "model.fullheight != 'true'",
      "min": 0,
      "max": 150
    },
    {
      "type": "material-range",
      "placeholder": "bottompadding",
      "label": "Bottom Padding",
      "model": "bottompadding",
      "visible": "model.fullheight != 'true'",
      "min": 0,
      "max": 150
    }
  ]
}