{
  "fields": [
    {
      "type": "pathbrowser",
      "browserRoot": "/content/assets",
      "placeholder": "logo",
      "label": "Logo",
      "model": "logo"
    },
    {
      "type": "input",
      "inputType": "text",
      "placeholder": "logoalttext",
      "label": "Logo Alt Text",
      "model": "logoalttext"
    },
    {
      "type": "pathbrowser",
      "browserRoot": "/content/sites",
      "placeholder": "logourl",
      "label": "Logo Url",
      "model": "logourl"
    },
    {
      "type": "material-range",
      "placeholder": "logosize",
      "label": "Logo Size",
      "model": "logosize",
      "min": 1,
      "max": 300
    },
    {
      "type": "materialswitch",
      "textOn": "yes",
      "textOff": "no",
      "valueOn": "true",
      "valueOff": "false",
      "placeholder": "collapsed",
      "label": "Collapse Menu",
      "model": "collapsed"
    },
    {
      "type": "material-range",
      "placeholder": "elevation",
      "label": "Elevation",
      "model": "elevation",
      "min": 0,
      "max": 5
    },
    {
      "type": "materialswitch",
      "textOn": "yes",
      "textOff": "no",
      "valueOn": "true",
      "valueOff": "false",
      "placeholder": "sticky",
      "label": "Sticky",
      "model": "sticky"
    },
    {
      "type": "collection",
      "multifield": true,
      "fieldLabel": [
        "text",
        "value"
      ],
      "fields": [
        {
          "type": "input",
          "inputType": "text",
          "placeholder": "text",
          "label": "Link Text",
          "model": "text"
        },
        {
          "type": "pathbrowser",
          "browserRoot": "/content/sites",
          "placeholder": "link",
          "label": "Link Url",
          "model": "link"
        }
      ],
      "placeholder": "links",
      "label": "Links",
      "model": "links"
    },
    {
      "type": "material-select",
      "values": [
        {
          "name": "Default",
          "value": "default"
        },
        {
          "name": "Large",
          "value": "large"
        },
        {
          "name": "Small",
          "value": "small"
        }
      ],
      "placeholder": "buttonsize",
      "label": "Button Size",
      "model": "buttonsize"
    },
    {
      "type": "collection",
      "multifield": true,
      "fieldLabel": [
        "buttontext",
        "value"
      ],
      "fields": [
        {
          "type": "input",
          "inputType": "text",
          "placeholder": "buttontext",
          "label": "Button Text",
          "model": "buttontext"
        },
        {
          "type": "pathbrowser",
          "browserRoot": "/content/sites",
          "placeholder": "buttonlink",
          "label": "Button Link",
          "model": "buttonlink"
        },
        {
          "type": "material-select",
          "values": [
            {
              "name": "Primary",
              "value": "primary"
            },
            {
              "name": "Secondary",
              "value": "secondary"
            },
            {
              "name": "Success",
              "value": "success"
            },
            {
              "name": "Danger",
              "value": "danger"
            },
            {
              "name": "Warning",
              "value": "warning"
            },
            {
              "name": "Info",
              "value": "info"
            },
            {
              "name": "Light",
              "value": "light"
            },
            {
              "name": "Dark",
              "value": "dark"
            }
          ],
          "placeholder": "buttoncolor",
          "label": "Button Color",
          "model": "buttoncolor"
        }
      ],
      "placeholder": "buttons",
      "label": "Buttons",
      "model": "buttons"
    },
    {
      "type": "input",
      "inputType": "text",
      "placeholder": "anchorname",
      "label": "Anchor Name",
      "model": "anchorname"
    },
    {
      "type": "material-radios",
      "values": [
        {
          "name": "None",
          "value": ""
        },
        {
          "name": "Light",
          "value": "light"
        },
        {
          "name": "Dark",
          "value": "dark"
        }
      ],
      "placeholder": "colorscheme",
      "label": "Block Color Scheme",
      "model": "colorscheme"
    },
    {
      "type": "materialswitch",
      "textOn": "yes",
      "textOff": "no",
      "valueOn": "true",
      "valueOff": "false",
      "placeholder": "custombackground",
      "label": "Custom Background",
      "model": "custombackground"
    },
    {
      "type": "material-radios",
      "values": [
        {
          "name": "Color",
          "value": "color"
        },
        {
          "name": "Gradient",
          "value": "gradient"
        },
        {
          "name": "Image",
          "value": "image"
        },
        {
          "name": "Video",
          "value": "video"
        }
      ],
      "placeholder": "backgroundtype",
      "label": "Background Type",
      "model": "backgroundtype",
      "visible": "model.custombackground == 'true'"
    },
    {
      "type": "pathbrowser",
      "browserRoot": "/content/assets",
      "placeholder": "bgvideo",
      "label": "Background Video",
      "model": "bgvideo",
      "visible": "model.backgroundtype == 'video' and model.custombackground == 'true'"
    },
    {
      "type": "pathbrowser",
      "browserRoot": "/content/assets",
      "placeholder": "bgimage",
      "label": "Background Image",
      "model": "bgimage",
      "visible": "model.backgroundtype == 'image' and model.custombackground == 'true'"
    },
    {
      "type": "materialswitch",
      "textOn": "yes",
      "textOff": "no",
      "valueOn": "true",
      "valueOff": "false",
      "placeholder": "overlay",
      "label": "Overlay",
      "model": "overlay",
      "visible": "model.backgroundtype == 'image' and model.custombackground == 'true'"
    },
    {
      "type": "input",
      "inputType": "color",
      "placeholder": "overlaycolor",
      "label": "Overlay Color",
      "model": "overlaycolor",
      "visible": "model.overlay == 'true' and model.backgroundtype == 'image' and model.custombackground == 'true'"
    },
    {
      "type": "material-range",
      "placeholder": "overlayopacity",
      "label": "Overlay opacity",
      "model": "overlayopacity",
      "visible": "model.overlay == 'true' and model.backgroundtype == 'image' and model.custombackground == 'true'",
      "min": 0,
      "max": 100
    },
    {
      "type": "input",
      "inputType": "color",
      "placeholder": "bgcolor",
      "label": "Background Color",
      "model": "bgcolor",
      "visible": "(model.backgroundtype == 'color' or model.backgroundtype == 'gradient') and model.custombackground == 'true'"
    },
    {
      "type": "input",
      "inputType": "color",
      "placeholder": "color2",
      "label": "Color 2",
      "model": "color2",
      "visible": "model.backgroundtype == 'gradient' and model.custombackground == 'true'"
    },
    {
      "type": "materialswitch",
      "textOn": "yes",
      "textOff": "no",
      "valueOn": "true",
      "valueOff": "false",
      "placeholder": "fullwidth",
      "label": "Full Width",
      "model": "fullwidth"
    },
    {
      "type": "materialswitch",
      "textOn": "yes",
      "textOff": "no",
      "valueOn": "true",
      "valueOff": "false",
      "placeholder": "fullheight",
      "label": "Full Height",
      "model": "fullheight"
    },
    {
      "type": "material-range",
      "placeholder": "toppadding",
      "label": "Top Padding",
      "model": "toppadding",
      "visible": "model.fullheight != 'true'",
      "min": 0,
      "max": 150
    },
    {
      "type": "material-range",
      "placeholder": "bottompadding",
      "label": "Bottom Padding",
      "model": "bottompadding",
      "visible": "model.fullheight != 'true'",
      "min": 0,
      "max": 150
    }
  ]
}