<?xml version="1.0" encoding="utf-8"?>
<jcr:root xmlns:sling="http://sling.apache.org/jcr/sling/1.0" xmlns:jcr="http://www.jcp.org/jcr/1.0" xmlns:nt="http://www.jcp.org/jcr/nt/1.0" jcr:primaryType="per:Component" jcr:title="Tabs">
  <jcr:content jcr:primaryType="nt:unstructured" __variations="true">
    <sample jcr:primaryType="nt:unstructured" title="Tabs" group="Features">
      <jcr:content jcr:primaryType="nt:unstructured" bgcolor="#ffffff" color2="#e7e7e7" fullheight="false" backgroundtype="gradient" bottompadding="40" toppadding="10" mediatype="image" imagesrc="/content/assets/themeclean/images/yosemite.jpg" mediaposition="before" mediawidth="33" mediaiconsize="200">
        <tabs jcr:primaryType="nt:unstructured">
          <tabs0 jcr:primaryType="nt:unstructured" text="&lt;p>Lorem Ipsum is simply dummy text of the printing and typesetting industry. Lorem Ipsum has been the industry's standard dummy text ever since the 1500s&lt;/p>" title="Learn More"/>
          <tabs1 jcr:primaryType="nt:unstructured" text="&lt;p>when an unknown printer took a galley of type and scrambled it to make a type specimen book. It has survived not only five centuries, but also the leap into electronic typesetting&lt;/p>" title="Contact Us"/>
          <tabs2 jcr:primaryType="nt:unstructured" text="&lt;p>Again when an unknown printer took a galley of type and scrambled it to make a type specimen book. It has survived not only five centuries, but also the leap into electronic typesetting&lt;/p>" title="About Us"/>
        </tabs>
      </jcr:content>
    </sample>
    <sample-media jcr:primaryType="nt:unstructured" title="Tabs With Media" group="Features">
      <jcr:content jcr:primaryType="nt:unstructured" bgcolor="#ffffff" color2="#e7e7e7" fullheight="false" backgroundtype="gradient" bottompadding="40" toppadding="10" showmedia="true" mediaposition="before" mediatype="image" mediawidth="33" mediaiconsize="200" imagesrc="/content/assets/themeclean/images/yosemite.jpg">
        <tabs jcr:primaryType="nt:unstructured">
          <tabs0 jcr:primaryType="nt:unstructured" text="&lt;p>Lorem Ipsum is simply dummy text of the printing and typesetting industry. Lorem Ipsum has been the industry's standard dummy text ever since the 1500s&lt;/p>" title="Learn More"/>
          <tabs1 jcr:primaryType="nt:unstructured" text="&lt;p>when an unknown printer took a galley of type and scrambled it to make a type specimen book. It has survived not only five centuries, but also the leap into electronic typesetting&lt;/p>" title="Contact Us"/>
          <tabs2 jcr:primaryType="nt:unstructured" text="&lt;p>Again when an unknown printer took a galley of type and scrambled it to make a type specimen book. It has survived not only five centuries, but also the leap into electronic typesetting&lt;/p>" title="About Us"/>
        </tabs>
      </jcr:content>
    </sample-media>
  </jcr:content>
</jcr:root>